{"BlockRNNModel": {"BlockRNNModel": {"MAPE": 28.882966702661424, "SMAPE": 25.73662733116554, "R2": -45.41827647297406}}, "NBeatsModel": {"NBeatsModel": {"MAPE": 11.985708920805665, "SMAPE": 11.786778752301158, "R2": 0.785574327762724}}, "TCNModel": {"TCNModel": {"MAPE": 24.791537611109064, "SMAPE": 23.961135407604797, "R2": -0.7662550006843871}}, "TransformerModel": {"TransformerModel": {"MAPE": 33.80186274305916, "SMAPE": 29.329626434913354, "R2": -4.930714907486514}}, "TFTModel": {"TFTModel": {"MAPE": 19.310754603887872, "SMAPE": 16.877430622339933, "R2": 0.4148784575840869}}, "DLinealModel": {"DLinealModel": {"MAPE": 20.279034593593085, "SMAPE": 20.061253718644174, "R2": 0.274167870390029}}, "NLinearModel": {"NLinearModel": {"MAPE": 31.822349689828005, "SMAPE": 27.18652489226087, "R2": -0.8358053401789114}}}