{"BlockRNNModel": {"BlockRNNModel": {"MAPE": 23.292940098245335, "SMAPE": 21.679660908906456, "R2": -1.5458919476288213}}, "NBeatsModel": {"NBeatsModel": {"MAPE": 10.838250481289046, "SMAPE": 10.699703864944867, "R2": 0.7995025940974592}}, "TCNModel": {"TCNModel": {"MAPE": 20.417366687850205, "SMAPE": 19.425338856960877, "R2": -0.40312118676057773}}, "TransformerModel": {"TransformerModel": {"MAPE": 24.693223377715825, "SMAPE": 22.15216591996266, "R2": -3.020300616241278}}, "TFTModel": {"TFTModel": {"MAPE": 12.24996422925341, "SMAPE": 11.722592460455777, "R2": 0.7380719940879601}}, "DLinealModel": {"DLinealModel": {"MAPE": 17.747920791228584, "SMAPE": 17.556317988776904, "R2": 0.33983880756508433}}, "NLinearModel": {"NLinearModel": {"MAPE": 25.58695843769656, "SMAPE": 22.916301557365436, "R2": -0.7855831438843042}}}