{"BlockRNNModel": {"BlockRNNModel": {"MAPE": 23.975280836835427, "SMAPE": 22.06474328377435, "R2": -8.164671780143578}}, "NBeatsModel": {"NBeatsModel": {"MAPE": 19.663361212965924, "SMAPE": 18.65855900112461, "R2": 0.2105855369754368}}, "TCNModel": {"TCNModel": {"MAPE": 20.846324954572314, "SMAPE": 19.804584007965698, "R2": -2.2054548032804324}}, "TransformerModel": {"TransformerModel": {"MAPE": 25.121174463548794, "SMAPE": 22.70279229192189, "R2": -6.296986607540076}}, "TFTModel": {"TFTModel": {"MAPE": 22.990642610866114, "SMAPE": 21.839552317676574, "R2": 0.19997269902032266}}, "DLinealModel": {"DLinealModel": {"MAPE": 19.611057257238883, "SMAPE": 19.31046644319329, "R2": -0.1756877146820739}}, "NLinearModel": {"NLinearModel": {"MAPE": 28.94374078831976, "SMAPE": 25.828997206041134, "R2": -1.4202696719355439}}}